{
  "@type" : "TEMPLATE",
  "uid" : "38759e67-d2fa-417a-ac67-55b2c5773596",
  "description" : {
    "@type" : "RESOURCE_DESCRIPTION",
    "originalAuthor" : {
      "date" : "2025-03-20"
    },
    "otherContributors" : [ ],
    "lifecycleState" : {
      "codeString" : "unmanaged"
    },
    "ipAcknowledgements" : { },
    "references" : { },
    "conversionDetails" : { },
    "otherDetails" : {
      "licence" : "This work is licensed under the Creative Commons Attribution-ShareAlike 4.0 International License. To view a copy of this license, visit http://creativecommons.org/licenses/by-sa/4.0/.",
      "custodian_organisation" : "openEHR Foundation",
      "original_namespace" : "org.openehr",
      "original_publisher" : "openEHR Foundation",
      "custodian_namespace" : "org.openehr",
      "MD5-CAM-1.0.1" : "f089508b68ad81c59ebdc21a4eaf3f45",
      "PARENT:MD5-CAM-1.0.1" : "20D65E757D70D267577AFADBA7149D3B"
    },
    "details" : {
      "de" : {
        "@type" : "RESOURCE_DESCRIPTION_ITEM",
        "language" : {
          "terminologyId" : {
            "value" : "ISO_639-1"
          },
          "codeString" : "de"
        },
        "keywords" : [ ],
        "originalResourceUri" : { },
        "otherDetails" : { }
      },
      "sv" : {
        "@type" : "RESOURCE_DESCRIPTION_ITEM",
        "language" : {
          "terminologyId" : {
            "value" : "ISO_639-1"
          },
          "codeString" : "sv"
        },
        "keywords" : [ ],
        "originalResourceUri" : { },
        "otherDetails" : { }
      },
      "nb" : {
        "@type" : "RESOURCE_DESCRIPTION_ITEM",
        "language" : {
          "terminologyId" : {
            "value" : "ISO_639-1"
          },
          "codeString" : "nb"
        },
        "keywords" : [ ],
        "originalResourceUri" : { },
        "otherDetails" : { }
      },
      "en" : {
        "@type" : "RESOURCE_DESCRIPTION_ITEM",
        "language" : {
          "terminologyId" : {
            "value" : "ISO_639-1"
          },
          "codeString" : "en"
        },
        "keywords" : [ ],
        "originalResourceUri" : { },
        "otherDetails" : { }
      }
    }
  },
  "parentArchetypeId" : "openEHR-EHR-CLUSTER.clinical_evidence.v1",
  "differential" : false,
  "archetypeId" : {
    "@type" : "ARCHETYPE_HRID",
    "value" : "openEHR-EHR-CLUSTER.clinicalevidence.v1"
  },
  "definition" : {
    "@type" : "C_COMPLEX_OBJECT",
    "rmTypeName" : "CLUSTER",
    "occurrences" : "1..1",
    "nodeId" : "at0000.1",
    "attributes" : [ {
      "@type" : "C_ATTRIBUTE",
      "rmAttributeName" : "items",
      "existence" : "1..1",
      "cardinality" : {
        "@type" : "CARDINALITY",
        "interval" : "1..*",
        "ordered" : false,
        "unique" : false
      },
      "children" : [ {
        "@type" : "C_COMPLEX_OBJECT",
        "rmTypeName" : "ELEMENT",
        "occurrences" : "0..1",
        "nodeId" : "at0003.1",
        "attributes" : [ {
          "@type" : "C_ATTRIBUTE",
          "rmAttributeName" : "value",
          "existence" : "0..1",
          "children" : [ {
            "@type" : "C_COMPLEX_OBJECT",
            "rmTypeName" : "DV_CODED_TEXT",
            "occurrences" : "1..1",
            "attributes" : [ {
              "@type" : "C_ATTRIBUTE",
              "rmAttributeName" : "defining_code",
              "children" : [ {
                "@type" : "C_TERMINOLOGY_CODE",
                "rmTypeName" : "TERMINOLOGY_CODE",
                "occurrences" : "0..1",
                "terminologyId" : {
                  "value" : "SNOMED-CT"
                },
                "constraint" : [ ],
                "selectedTerminologies" : [ "SNOMED-CT" ],
                "includedExternalTerminologyCodes" : [ {
                  "terminologyId" : "SNOMED-CT",
                  "code" : "399375005",
                  "value" : "Tumor size finding"
                } ]
              } ]
            } ],
            "attributeTuples" : [ ]
          } ]
        } ],
        "attributeTuples" : [ ]
      }, {
        "@type" : "C_COMPLEX_OBJECT",
        "rmTypeName" : "ELEMENT",
        "occurrences" : "0..0",
        "nodeId" : "at0004.1",
        "attributes" : [ {
          "@type" : "C_ATTRIBUTE",
          "rmAttributeName" : "value",
          "existence" : "0..1",
          "children" : [ {
            "@type" : "C_COMPLEX_OBJECT",
            "rmTypeName" : "DV_TEXT",
            "occurrences" : "1..1",
            "attributes" : [ ],
            "attributeTuples" : [ ]
          } ]
        } ],
        "attributeTuples" : [ ]
      }, {
        "@type" : "C_COMPLEX_OBJECT",
        "rmTypeName" : "ELEMENT",
        "occurrences" : "0..1",
        "nodeId" : "at0005.1",
        "attributes" : [ {
          "@type" : "C_ATTRIBUTE",
          "rmAttributeName" : "value",
          "children" : [ {
            "@type" : "C_COMPLEX_OBJECT",
            "rmTypeName" : "DV_QUANTITY",
            "occurrences" : "1..1",
            "attributes" : [ {
              "@type" : "C_ATTRIBUTE",
              "rmAttributeName" : "property",
              "children" : [ {
                "@type" : "C_TERMINOLOGY_CODE",
                "rmTypeName" : "TERMINOLOGY_CODE",
                "occurrences" : "1..1",
                "terminologyId" : {
                  "value" : "openehr"
                },
                "constraint" : [ "122" ]
              } ]
            } ],
            "attributeTuples" : [ {
              "@type" : "C_ATTRIBUTE_TUPLE",
              "members" : [ {
                "@type" : "C_ATTRIBUTE",
                "rmAttributeName" : "units",
                "children" : [ ]
              }, {
                "@type" : "C_ATTRIBUTE",
                "rmAttributeName" : "magnitude",
                "children" : [ ]
              }, {
                "@type" : "C_ATTRIBUTE",
                "rmAttributeName" : "precision",
                "children" : [ ]
              } ],
              "tuples" : [ {
                "@type" : "C_PRIMITIVE_TUPLE",
                "members" : [ {
                  "@type" : "C_STRING",
                  "rmTypeName" : "STRING",
                  "constraint" : [ "mm" ]
                }, {
                  "@type" : "C_REAL",
                  "rmTypeName" : "REAL",
                  "constraint" : [ {
                    "lower" : 0.0,
                    "lowerIncluded" : true,
                    "upperIncluded" : false,
                    "lowerUnbounded" : false,
                    "upperUnbounded" : true
                  } ]
                }, {
                  "@type" : "C_INTEGER",
                  "rmTypeName" : "INTEGER",
                  "constraint" : [ {
                    "lower" : 0,
                    "upper" : 0,
                    "lowerIncluded" : true,
                    "upperIncluded" : true,
                    "lowerUnbounded" : false,
                    "upperUnbounded" : false
                  } ]
                } ]
              } ]
            } ]
          } ]
        } ],
        "attributeTuples" : [ ]
      }, {
        "@type" : "C_COMPLEX_OBJECT",
        "rmTypeName" : "ELEMENT",
        "occurrences" : "0..1",
        "nodeId" : "at0005.2",
        "attributes" : [ {
          "@type" : "C_ATTRIBUTE",
          "rmAttributeName" : "value",
          "children" : [ {
            "@type" : "C_COMPLEX_OBJECT",
            "rmTypeName" : "DV_QUANTITY",
            "occurrences" : "1..1",
            "attributes" : [ {
              "@type" : "C_ATTRIBUTE",
              "rmAttributeName" : "property",
              "children" : [ {
                "@type" : "C_TERMINOLOGY_CODE",
                "rmTypeName" : "TERMINOLOGY_CODE",
                "occurrences" : "1..1",
                "terminologyId" : {
                  "value" : "openehr"
                },
                "constraint" : [ "122" ]
              } ]
            } ],
            "attributeTuples" : [ {
              "@type" : "C_ATTRIBUTE_TUPLE",
              "members" : [ {
                "@type" : "C_ATTRIBUTE",
                "rmAttributeName" : "units",
                "children" : [ ]
              }, {
                "@type" : "C_ATTRIBUTE",
                "rmAttributeName" : "magnitude",
                "children" : [ ]
              }, {
                "@type" : "C_ATTRIBUTE",
                "rmAttributeName" : "precision",
                "children" : [ ]
              } ],
              "tuples" : [ {
                "@type" : "C_PRIMITIVE_TUPLE",
                "members" : [ {
                  "@type" : "C_STRING",
                  "rmTypeName" : "STRING",
                  "constraint" : [ "mm" ]
                }, {
                  "@type" : "C_REAL",
                  "rmTypeName" : "REAL",
                  "constraint" : [ {
                    "lower" : 0.0,
                    "lowerIncluded" : true,
                    "upperIncluded" : false,
                    "lowerUnbounded" : false,
                    "upperUnbounded" : true
                  } ]
                }, {
                  "@type" : "C_INTEGER",
                  "rmTypeName" : "INTEGER",
                  "constraint" : [ {
                    "lower" : 0,
                    "upper" : 0,
                    "lowerIncluded" : true,
                    "upperIncluded" : true,
                    "lowerUnbounded" : false,
                    "upperUnbounded" : false
                  } ]
                } ]
              } ]
            } ]
          } ]
        } ],
        "attributeTuples" : [ ]
      }, {
        "@type" : "C_COMPLEX_OBJECT",
        "rmTypeName" : "ELEMENT",
        "occurrences" : "0..1",
        "nodeId" : "at0005.3",
        "attributes" : [ {
          "@type" : "C_ATTRIBUTE",
          "rmAttributeName" : "value",
          "children" : [ {
            "@type" : "C_COMPLEX_OBJECT",
            "rmTypeName" : "DV_QUANTITY",
            "occurrences" : "1..1",
            "attributes" : [ {
              "@type" : "C_ATTRIBUTE",
              "rmAttributeName" : "property",
              "children" : [ {
                "@type" : "C_TERMINOLOGY_CODE",
                "rmTypeName" : "TERMINOLOGY_CODE",
                "occurrences" : "1..1",
                "terminologyId" : {
                  "value" : "openehr"
                },
                "constraint" : [ "122" ]
              } ]
            } ],
            "attributeTuples" : [ {
              "@type" : "C_ATTRIBUTE_TUPLE",
              "members" : [ {
                "@type" : "C_ATTRIBUTE",
                "rmAttributeName" : "units",
                "children" : [ ]
              }, {
                "@type" : "C_ATTRIBUTE",
                "rmAttributeName" : "magnitude",
                "children" : [ ]
              }, {
                "@type" : "C_ATTRIBUTE",
                "rmAttributeName" : "precision",
                "children" : [ ]
              } ],
              "tuples" : [ {
                "@type" : "C_PRIMITIVE_TUPLE",
                "members" : [ {
                  "@type" : "C_STRING",
                  "rmTypeName" : "STRING",
                  "constraint" : [ "mm" ]
                }, {
                  "@type" : "C_REAL",
                  "rmTypeName" : "REAL",
                  "constraint" : [ {
                    "lower" : 0.0,
                    "lowerIncluded" : true,
                    "upperIncluded" : false,
                    "lowerUnbounded" : false,
                    "upperUnbounded" : true
                  } ]
                }, {
                  "@type" : "C_INTEGER",
                  "rmTypeName" : "INTEGER",
                  "constraint" : [ {
                    "lower" : 0,
                    "upper" : 0,
                    "lowerIncluded" : true,
                    "upperIncluded" : true,
                    "lowerUnbounded" : false,
                    "upperUnbounded" : false
                  } ]
                } ]
              } ]
            } ]
          } ]
        } ],
        "attributeTuples" : [ ]
      }, {
        "@type" : "C_COMPLEX_OBJECT",
        "rmTypeName" : "ELEMENT",
        "occurrences" : "0..1",
        "nodeId" : "at0005.4",
        "attributes" : [ {
          "@type" : "C_ATTRIBUTE",
          "rmAttributeName" : "value",
          "children" : [ {
            "@type" : "C_COMPLEX_OBJECT",
            "rmTypeName" : "DV_CODED_TEXT",
            "occurrences" : "1..1",
            "attributes" : [ {
              "@type" : "C_ATTRIBUTE",
              "rmAttributeName" : "defining_code",
              "children" : [ {
                "@type" : "C_TERMINOLOGY_CODE",
                "rmTypeName" : "TERMINOLOGY_CODE",
                "occurrences" : "0..1",
                "terminologyId" : {
                  "value" : "SNOMED-CT"
                },
                "constraint" : [ ],
                "selectedTerminologies" : [ "SNOMED-CT" ],
                "includedExternalTerminologyCodes" : [ {
                  "terminologyId" : "SNOMED-CT",
                  "code" : "261665006",
                  "value" : "Ukjent"
                } ]
              } ]
            } ],
            "attributeTuples" : [ ]
          } ]
        } ],
        "attributeTuples" : [ ]
      }, {
        "@type" : "C_COMPLEX_OBJECT",
        "rmTypeName" : "ELEMENT",
        "occurrences" : "0..0",
        "nodeId" : "at0006.1",
        "attributes" : [ {
          "@type" : "C_ATTRIBUTE",
          "rmAttributeName" : "value",
          "existence" : "0..1",
          "children" : [ {
            "@type" : "C_COMPLEX_OBJECT",
            "rmTypeName" : "DV_DATE_TIME",
            "occurrences" : "1..1",
            "attributes" : [ ],
            "attributeTuples" : [ ]
          } ]
        } ],
        "attributeTuples" : [ ]
      }, {
        "@type" : "ARCHETYPE_SLOT",
        "rmTypeName" : "CLUSTER",
        "occurrences" : "0..*",
        "nodeId" : "at0007",
        "includes" : [ {
          "@type" : "ASSERTION",
          "stringExpression" : "archetype_id/value matches {/openEHR-EHR-CLUSTER\\.citation(-[a-zA-Z0-9_]+)*\\.v1/}",
          "expression" : {
            "@type" : "BINARY_OPERATOR",
            "type" : "BOOLEAN",
            "operator" : "matches",
            "leftOperand" : {
              "@type" : "MODEL_REFERENCE",
              "type" : "STRING",
              "precedenceOverriden" : false,
              "referenceType" : "Attribute",
              "path" : "archetype_id/value"
            },
            "rightOperand" : {
              "@type" : "CONSTRAINT",
              "type" : "STRING",
              "precedenceOverriden" : false,
              "referenceType" : "Constraint",
              "item" : {
                "@type" : "C_STRING",
                "constraint" : [ "/openEHR-EHR-CLUSTER\\.citation(-[a-zA-Z0-9_]+)*\\.v1/" ]
              }
            },
            "precedenceOverriden" : false
          },
          "variables" : [ ]
        } ],
        "excludes" : [ ],
        "closed" : false
      }, {
        "@type" : "C_COMPLEX_OBJECT",
        "rmTypeName" : "ELEMENT",
        "occurrences" : "0..0",
        "nodeId" : "at0022.1",
        "attributes" : [ {
          "@type" : "C_ATTRIBUTE",
          "rmAttributeName" : "value",
          "existence" : "0..1",
          "children" : [ {
            "@type" : "C_COMPLEX_OBJECT",
            "rmTypeName" : "DV_CODED_TEXT",
            "occurrences" : "1..1",
            "attributes" : [ {
              "@type" : "C_ATTRIBUTE",
              "rmAttributeName" : "defining_code",
              "children" : [ {
                "@type" : "C_TERMINOLOGY_CODE",
                "rmTypeName" : "TERMINOLOGY_CODE",
                "occurrences" : "0..1",
                "terminologyId" : {
                  "value" : "SNOMED-CT"
                },
                "constraint" : [ ],
                "selectedTerminologies" : [ "SNOMED-CT" ],
                "includedExternalTerminologyCodes" : [ {
                  "terminologyId" : "SNOMED-CT",
                  "code" : "363679005",
                  "value" : "Bildediagnostikk"
                }, {
                  "terminologyId" : "SNOMED-CT",
                  "code" : "65801008",
                  "value" : "Reseksjon (eksisjon)"
                } ]
              } ]
            } ],
            "attributeTuples" : [ ]
          } ]
        } ],
        "attributeTuples" : [ ]
      }, {
        "@type" : "C_COMPLEX_OBJECT",
        "rmTypeName" : "ELEMENT",
        "occurrences" : "0..0",
        "nodeId" : "at0001.1",
        "attributes" : [ {
          "@type" : "C_ATTRIBUTE",
          "rmAttributeName" : "value",
          "existence" : "0..1",
          "children" : [ {
            "@type" : "C_COMPLEX_OBJECT",
            "rmTypeName" : "DV_TEXT",
            "occurrences" : "1..1",
            "attributes" : [ ],
            "attributeTuples" : [ ]
          } ]
        } ],
        "attributeTuples" : [ ]
      }, {
        "@type" : "ARCHETYPE_SLOT",
        "rmTypeName" : "CLUSTER",
        "occurrences" : "0..*",
        "nodeId" : "at0018",
        "includes" : [ {
          "@type" : "ASSERTION",
          "stringExpression" : "archetype_id/value matches {/openEHR-EHR-CLUSTER\\.media_file\\.v1/}",
          "expression" : {
            "@type" : "BINARY_OPERATOR",
            "type" : "BOOLEAN",
            "operator" : "matches",
            "leftOperand" : {
              "@type" : "MODEL_REFERENCE",
              "type" : "STRING",
              "precedenceOverriden" : false,
              "referenceType" : "Attribute",
              "path" : "archetype_id/value"
            },
            "rightOperand" : {
              "@type" : "CONSTRAINT",
              "type" : "STRING",
              "precedenceOverriden" : false,
              "referenceType" : "Constraint",
              "item" : {
                "@type" : "C_STRING",
                "constraint" : [ "/openEHR-EHR-CLUSTER\\.media_file\\.v1/" ]
              }
            },
            "precedenceOverriden" : false
          },
          "variables" : [ ]
        } ],
        "excludes" : [ ],
        "closed" : false
      }, {
        "@type" : "ARCHETYPE_SLOT",
        "rmTypeName" : "CLUSTER",
        "occurrences" : "0..*",
        "nodeId" : "at0024",
        "includes" : [ {
          "@type" : "ASSERTION",
          "stringExpression" : "archetype_id/value matches {/.*/}",
          "expression" : {
            "@type" : "BINARY_OPERATOR",
            "type" : "BOOLEAN",
            "operator" : "matches",
            "leftOperand" : {
              "@type" : "MODEL_REFERENCE",
              "type" : "STRING",
              "precedenceOverriden" : false,
              "referenceType" : "Attribute",
              "path" : "archetype_id/value"
            },
            "rightOperand" : {
              "@type" : "CONSTRAINT",
              "type" : "STRING",
              "precedenceOverriden" : false,
              "referenceType" : "Constraint",
              "item" : {
                "@type" : "C_STRING",
                "constraint" : [ "/.*/" ]
              }
            },
            "precedenceOverriden" : false
          },
          "variables" : [ ]
        } ],
        "excludes" : [ ],
        "closed" : false
      }, {
        "@type" : "C_COMPLEX_OBJECT",
        "rmTypeName" : "ELEMENT",
        "occurrences" : "0..0",
        "nodeId" : "at0023.1",
        "attributes" : [ {
          "@type" : "C_ATTRIBUTE",
          "rmAttributeName" : "value",
          "existence" : "0..1",
          "children" : [ {
            "@type" : "C_COMPLEX_OBJECT",
            "rmTypeName" : "DV_TEXT",
            "occurrences" : "1..1",
            "attributes" : [ ],
            "attributeTuples" : [ ]
          } ]
        } ],
        "attributeTuples" : [ ]
      } ]
    } ],
    "attributeTuples" : [ ]
  },
  "terminology" : {
    "@type" : "ARCHETYPE_TERMINOLOGY",
    "conceptCode" : "at0000",
    "termDefinitions" : {
      "en" : {
        "at0005.2" : {
          "@type" : "ARCHETYPE_TERM",
          "code" : "at0005.1",
          "text" : "Result (2)",
          "description" : "Measurement or value associated with the finding.",
          "comment" : "For example: Mantoux test result."
        },
        "at0005.3" : {
          "@type" : "ARCHETYPE_TERM",
          "code" : "at0005.1",
          "text" : "Result (3)",
          "description" : "Measurement or value associated with the finding.",
          "comment" : "For example: Mantoux test result."
        },
        "at0005.4" : {
          "@type" : "ARCHETYPE_TERM",
          "code" : "at0005.1",
          "text" : "Result (4)",
          "description" : "Measurement or value associated with the finding.",
          "comment" : "For example: Mantoux test result."
        },
        "at0000" : {
          "@type" : "ARCHETYPE_TERM",
          "code" : "at0000",
          "text" : "Clinical evidence",
          "description" : "Details about findings that support a clinical assertion."
        },
        "at0001" : {
          "@type" : "ARCHETYPE_TERM",
          "code" : "at0001",
          "text" : "Method description",
          "description" : "Narrative description of the method/s used to identify the evidence."
        },
        "at0003" : {
          "@type" : "ARCHETYPE_TERM",
          "code" : "at0003",
          "text" : "Finding",
          "description" : "Identification of the finding that supports the assertion.",
          "comment" : "It is recommended that 'Finding' should be coded with a terminology, where possible."
        },
        "at0004" : {
          "@type" : "ARCHETYPE_TERM",
          "code" : "at0004",
          "text" : "Finding description",
          "description" : "Narrative description of the finding."
        },
        "at0005" : {
          "@type" : "ARCHETYPE_TERM",
          "code" : "at0005",
          "text" : "Result",
          "description" : "Measurement or value associated with the finding.",
          "comment" : "For example: Mantoux test result."
        },
        "at0006" : {
          "@type" : "ARCHETYPE_TERM",
          "code" : "at0006",
          "text" : "Date identified",
          "description" : "The date on which the finding was clinically identified.",
          "comment" : "For example: The date when the finding was made by or made available to the clinician."
        },
        "at0007" : {
          "@type" : "ARCHETYPE_TERM",
          "code" : "at0007",
          "text" : "Citation",
          "description" : "Detailed data available about the evidence held in another part of the health record."
        },
        "at0018" : {
          "@type" : "ARCHETYPE_TERM",
          "code" : "at0018",
          "text" : "Multimedia representation",
          "description" : "Digital image, video or diagram representing the clinical evidence."
        },
        "at0022" : {
          "@type" : "ARCHETYPE_TERM",
          "code" : "at0022",
          "text" : "Method",
          "description" : "Type of examination or investigation used to identify the evidence.",
          "comment" : "Consider coding 'Method' with a terminology, where possible. For example: Physical examination, Chest x-ray, Histopathology result, Colonoscopy."
        },
        "at0023" : {
          "@type" : "ARCHETYPE_TERM",
          "code" : "at0023",
          "text" : "Comment",
          "description" : "Additional narrative about the finding not captured in other fields."
        },
        "at0024" : {
          "@type" : "ARCHETYPE_TERM",
          "code" : "at0024",
          "text" : "Additional details",
          "description" : "Additional structured details about the finding."
        },
        "at0003.1" : {
          "@type" : "ARCHETYPE_TERM",
          "code" : "at0003",
          "text" : "Finding",
          "description" : "Identification of the finding that supports the assertion.",
          "comment" : "It is recommended that 'Finding' should be coded with a terminology, where possible."
        },
        "at0004.1" : {
          "@type" : "ARCHETYPE_TERM",
          "code" : "at0004",
          "text" : "Finding description",
          "description" : "Narrative description of the finding."
        },
        "at0005.1" : {
          "@type" : "ARCHETYPE_TERM",
          "code" : "at0005",
          "text" : "Result",
          "description" : "Measurement or value associated with the finding.",
          "comment" : "For example: Mantoux test result."
        },
        "at0006.1" : {
          "@type" : "ARCHETYPE_TERM",
          "code" : "at0006",
          "text" : "Date identified",
          "description" : "The date on which the finding was clinically identified.",
          "comment" : "For example: The date when the finding was made by or made available to the clinician."
        },
        "at0000.1" : {
          "@type" : "ARCHETYPE_TERM",
          "code" : "at0000",
          "text" : "Clinical evidence",
          "description" : "Details about findings that support a clinical assertion."
        },
        "at0023.1" : {
          "@type" : "ARCHETYPE_TERM",
          "code" : "at0023",
          "text" : "Comment",
          "description" : "Additional narrative about the finding not captured in other fields."
        },
        "at0022.1" : {
          "@type" : "ARCHETYPE_TERM",
          "code" : "at0022",
          "text" : "Method",
          "description" : "Type of examination or investigation used to identify the evidence.",
          "comment" : "Consider coding 'Method' with a terminology, where possible. For example: Physical examination, Chest x-ray, Histopathology result, Colonoscopy."
        },
        "at0001.1" : {
          "@type" : "ARCHETYPE_TERM",
          "code" : "at0001",
          "text" : "Method description",
          "description" : "Narrative description of the method/s used to identify the evidence."
        }
      },
      "nb" : {
        "at0000.1" : {
          "@type" : "ARCHETYPE_TERM",
          "code" : "at0000.1",
          "text" : "Tumorstørrelse",
          "description" : "Grunnlaget for et klinisk utsagn."
        },
        "at0003.1" : {
          "@type" : "ARCHETYPE_TERM",
          "code" : "at0003.1",
          "text" : "Tumorstørrelse",
          "description" : "Funnet som støtter utsagnet.",
          "comment" : "Det anbefales å kode \"Funn\" med en terminologi, der det er mulig."
        },
        "at0005.1" : {
          "@type" : "ARCHETYPE_TERM",
          "code" : "at0005.1",
          "text" : "Lengste tverrmål",
          "description" : "Måling eller verdi knyttet til funnet.",
          "comment" : "For eksempel mantouxtestresultat."
        },
        "at0005.2" : {
          "@type" : "ARCHETYPE_TERM",
          "code" : "at0005.2",
          "text" : "Lengde 2",
          "description" : "Måling eller verdi knyttet til funnet.",
          "comment" : "For eksempel mantouxtestresultat."
        },
        "at0005.3" : {
          "@type" : "ARCHETYPE_TERM",
          "code" : "at0005.3",
          "text" : "Lengde 3",
          "description" : "Måling eller verdi knyttet til funnet.",
          "comment" : "For eksempel mantouxtestresultat."
        },
        "at0005.4" : {
          "@type" : "ARCHETYPE_TERM",
          "code" : "at0005.4",
          "text" : "Ukjent tumorstørrelse",
          "description" : "Måling eller verdi knyttet til funnet.",
          "comment" : "For eksempel mantouxtestresultat."
        },
        "at0000" : {
          "@type" : "ARCHETYPE_TERM",
          "code" : "at0000",
          "text" : "Klinisk grunnlag",
          "description" : "Grunnlaget for et klinisk utsagn."
        },
        "at0001" : {
          "@type" : "ARCHETYPE_TERM",
          "code" : "at0001",
          "text" : "Metodebeskrivelse",
          "description" : "Fritekstlig beskrivelse av typen undersøkelse eller utredning som er utført for å komme fram til funnet."
        },
        "at0003" : {
          "@type" : "ARCHETYPE_TERM",
          "code" : "at0003",
          "text" : "Funn",
          "description" : "Funnet som støtter utsagnet.",
          "comment" : "Det anbefales å kode \"Funn\" med en terminologi, der det er mulig."
        },
        "at0004" : {
          "@type" : "ARCHETYPE_TERM",
          "code" : "at0004",
          "text" : "Beskrivelse av funn",
          "description" : "Fritekstbeskrivelse av funnet."
        },
        "at0005" : {
          "@type" : "ARCHETYPE_TERM",
          "code" : "at0005",
          "text" : "Resultat",
          "description" : "Måling eller verdi knyttet til funnet.",
          "comment" : "For eksempel mantouxtestresultat."
        },
        "at0006" : {
          "@type" : "ARCHETYPE_TERM",
          "code" : "at0006",
          "text" : "Dato",
          "description" : "Datoen da funnet ble klinisk anerkjent.",
          "comment" : "For eksempel: Datoen da funnet ble gjort eller gjort tilgjengelig for klinikeren."
        },
        "at0007" : {
          "@type" : "ARCHETYPE_TERM",
          "code" : "at0007",
          "text" : "Referanse",
          "description" : "Detaljerte data om funnet i andre deler av journalen."
        },
        "at0018" : {
          "@type" : "ARCHETYPE_TERM",
          "code" : "at0018",
          "text" : "Multimediarepresentasjon",
          "description" : "Digitalt bilde, video eller diagram som representerer det kliniske grunnlaget."
        },
        "at0022" : {
          "@type" : "ARCHETYPE_TERM",
          "code" : "at0022",
          "text" : "Metode",
          "description" : "Typen undersøkelse eller utredning som er utført for å komme fram til funnet.",
          "comment" : "Metoden bør vurderes kodet med en terminologi der dette er mulig. For eksempel fysisk undersøkelse, røntgen thorax, patologisvar, koloskopi."
        },
        "at0023" : {
          "@type" : "ARCHETYPE_TERM",
          "code" : "at0023",
          "text" : "Kommentar",
          "description" : "Ytterligere informasjon om funnet, som ikke kan registreres i andre felter."
        },
        "at0024" : {
          "@type" : "ARCHETYPE_TERM",
          "code" : "at0024",
          "text" : "Ytterligere detaljer",
          "description" : "Ytterligere strukturerte detaljer om funnet."
        },
        "at0004.1" : {
          "@type" : "ARCHETYPE_TERM",
          "code" : "at0004",
          "text" : "Beskrivelse av funn",
          "description" : "Fritekstbeskrivelse av funnet."
        },
        "at0006.1" : {
          "@type" : "ARCHETYPE_TERM",
          "code" : "at0006",
          "text" : "Dato",
          "description" : "Datoen da funnet ble klinisk anerkjent.",
          "comment" : "For eksempel: Datoen da funnet ble gjort eller gjort tilgjengelig for klinikeren."
        },
        "at0023.1" : {
          "@type" : "ARCHETYPE_TERM",
          "code" : "at0023",
          "text" : "Kommentar",
          "description" : "Ytterligere informasjon om funnet, som ikke kan registreres i andre felter."
        },
        "at0022.1" : {
          "@type" : "ARCHETYPE_TERM",
          "code" : "at0022",
          "text" : "Metode",
          "description" : "Typen undersøkelse eller utredning som er utført for å komme fram til funnet.",
          "comment" : "Metoden bør vurderes kodet med en terminologi der dette er mulig. For eksempel fysisk undersøkelse, røntgen thorax, patologisvar, koloskopi."
        },
        "at0001.1" : {
          "@type" : "ARCHETYPE_TERM",
          "code" : "at0001",
          "text" : "Metodebeskrivelse",
          "description" : "Fritekstlig beskrivelse av typen undersøkelse eller utredning som er utført for å komme fram til funnet."
        }
      },
      "de" : {
        "at0005.2" : {
          "@type" : "ARCHETYPE_TERM",
          "code" : "at0005.1",
          "text" : "Ergebnis (2)",
          "description" : "Messung oder Wert, der mit dem Befund verbunden ist.",
          "comment" : "Zum Beispiel: Mantoux-Testergebnis."
        },
        "at0005.3" : {
          "@type" : "ARCHETYPE_TERM",
          "code" : "at0005.1",
          "text" : "Ergebnis (3)",
          "description" : "Messung oder Wert, der mit dem Befund verbunden ist.",
          "comment" : "Zum Beispiel: Mantoux-Testergebnis."
        },
        "at0005.4" : {
          "@type" : "ARCHETYPE_TERM",
          "code" : "at0005.1",
          "text" : "Ergebnis (4)",
          "description" : "Messung oder Wert, der mit dem Befund verbunden ist.",
          "comment" : "Zum Beispiel: Mantoux-Testergebnis."
        },
        "at0000" : {
          "@type" : "ARCHETYPE_TERM",
          "code" : "at0000",
          "text" : "Klinische Evidenz",
          "description" : "Details über Befunde, die eine klinische Feststellung stützen."
        },
        "at0001" : {
          "@type" : "ARCHETYPE_TERM",
          "code" : "at0001",
          "text" : "Beschreibung der Methode",
          "description" : "Narrative Beschreibung der Methode(n), die zur Festellung der Evidenz verwendet wurde(n)."
        },
        "at0003" : {
          "@type" : "ARCHETYPE_TERM",
          "code" : "at0003",
          "text" : "Befund",
          "description" : "Identifizierung des Befundes, der die Feststellung stützt",
          "comment" : "Es wird nach Möglichkeit empfohlen den Befund mit einer Terminologie zu kodieren."
        },
        "at0004" : {
          "@type" : "ARCHETYPE_TERM",
          "code" : "at0004",
          "text" : "Befundbeschreibung",
          "description" : "Narrative Beschreibung des Befundes."
        },
        "at0005" : {
          "@type" : "ARCHETYPE_TERM",
          "code" : "at0005",
          "text" : "Ergebnis",
          "description" : "Messung oder Wert, der mit dem Befund verbunden ist.",
          "comment" : "Zum Beispiel: Mantoux-Testergebnis."
        },
        "at0006" : {
          "@type" : "ARCHETYPE_TERM",
          "code" : "at0006",
          "text" : "Feststellungsdatum",
          "description" : "Das Datum, an dem der Befund klinisch festgestellt wurde.",
          "comment" : "Zum Beispiel: Das Datum, an dem der Befund vom Arzt gemacht oder ihm zur Verfügung gestellt wurde."
        },
        "at0007" : {
          "@type" : "ARCHETYPE_TERM",
          "code" : "at0007",
          "text" : "Zitat",
          "description" : "Detaillierte Daten über die in einem anderen Teil der Gesundheitsakte enthaltenen Beweise sind verfügbar."
        },
        "at0018" : {
          "@type" : "ARCHETYPE_TERM",
          "code" : "at0018",
          "text" : "Multimediale Darstellung",
          "description" : "Digitales Bild, Video oder Diagramm, welches die klinischen Evidenz darstellt."
        },
        "at0022" : {
          "@type" : "ARCHETYPE_TERM",
          "code" : "at0022",
          "text" : "Methode",
          "description" : "Art der Untersuchung oder Recherche, die zur Feststellung der Evidenz verwendet wird.",
          "comment" : "Erwägen Sie 'Methode' mit einer Terminologie zu kodieren, wenn möglich. Zum Beispiel: Körperliche Untersuchung, Röntgenaufnahme der Brust, Ergebnis der Histopathologie, Koloskopie."
        },
        "at0023" : {
          "@type" : "ARCHETYPE_TERM",
          "code" : "at0023",
          "text" : "Kommentar",
          "description" : "Zusätzliche Informationen über die Befunde, welche noch nicht an anderer Stelle dokumentiert wurden."
        },
        "at0024" : {
          "@type" : "ARCHETYPE_TERM",
          "code" : "at0024",
          "text" : "*Additional details (en)",
          "description" : "*Additional structured details about findings. (en)"
        },
        "at0003.1" : {
          "@type" : "ARCHETYPE_TERM",
          "code" : "at0003",
          "text" : "Befund",
          "description" : "Identifizierung des Befundes, der die Feststellung stützt",
          "comment" : "Es wird nach Möglichkeit empfohlen den Befund mit einer Terminologie zu kodieren."
        },
        "at0004.1" : {
          "@type" : "ARCHETYPE_TERM",
          "code" : "at0004",
          "text" : "Befundbeschreibung",
          "description" : "Narrative Beschreibung des Befundes."
        },
        "at0005.1" : {
          "@type" : "ARCHETYPE_TERM",
          "code" : "at0005",
          "text" : "Ergebnis",
          "description" : "Messung oder Wert, der mit dem Befund verbunden ist.",
          "comment" : "Zum Beispiel: Mantoux-Testergebnis."
        },
        "at0006.1" : {
          "@type" : "ARCHETYPE_TERM",
          "code" : "at0006",
          "text" : "Feststellungsdatum",
          "description" : "Das Datum, an dem der Befund klinisch festgestellt wurde.",
          "comment" : "Zum Beispiel: Das Datum, an dem der Befund vom Arzt gemacht oder ihm zur Verfügung gestellt wurde."
        },
        "at0000.1" : {
          "@type" : "ARCHETYPE_TERM",
          "code" : "at0000",
          "text" : "Klinische Evidenz",
          "description" : "Details über Befunde, die eine klinische Feststellung stützen."
        },
        "at0023.1" : {
          "@type" : "ARCHETYPE_TERM",
          "code" : "at0023",
          "text" : "Kommentar",
          "description" : "Zusätzliche Informationen über die Befunde, welche noch nicht an anderer Stelle dokumentiert wurden."
        },
        "at0022.1" : {
          "@type" : "ARCHETYPE_TERM",
          "code" : "at0022",
          "text" : "Methode",
          "description" : "Art der Untersuchung oder Recherche, die zur Feststellung der Evidenz verwendet wird.",
          "comment" : "Erwägen Sie 'Methode' mit einer Terminologie zu kodieren, wenn möglich. Zum Beispiel: Körperliche Untersuchung, Röntgenaufnahme der Brust, Ergebnis der Histopathologie, Koloskopie."
        },
        "at0001.1" : {
          "@type" : "ARCHETYPE_TERM",
          "code" : "at0001",
          "text" : "Beschreibung der Methode",
          "description" : "Narrative Beschreibung der Methode(n), die zur Festellung der Evidenz verwendet wurde(n)."
        }
      },
      "sv" : {
        "at0005.2" : {
          "@type" : "ARCHETYPE_TERM",
          "code" : "at0005.1",
          "text" : "Resultat (2)",
          "description" : "Mätning eller värde associerat med fyndet.",
          "comment" : "Till exempel: Mantoux-testresultat."
        },
        "at0005.3" : {
          "@type" : "ARCHETYPE_TERM",
          "code" : "at0005.1",
          "text" : "Resultat (3)",
          "description" : "Mätning eller värde associerat med fyndet.",
          "comment" : "Till exempel: Mantoux-testresultat."
        },
        "at0005.4" : {
          "@type" : "ARCHETYPE_TERM",
          "code" : "at0005.1",
          "text" : "Resultat (4)",
          "description" : "Mätning eller värde associerat med fyndet.",
          "comment" : "Till exempel: Mantoux-testresultat."
        },
        "at0000" : {
          "@type" : "ARCHETYPE_TERM",
          "code" : "at0000",
          "text" : "Kliniska bevis",
          "description" : "Detaljer om resultat som stöder ett kliniskt påstående."
        },
        "at0001" : {
          "@type" : "ARCHETYPE_TERM",
          "code" : "at0001",
          "text" : "Metodbeskrivning",
          "description" : "Berättande beskrivning av metoden / metoderna som används för att identifiera bevisen."
        },
        "at0003" : {
          "@type" : "ARCHETYPE_TERM",
          "code" : "at0003",
          "text" : "Fynd",
          "description" : "Identifiering av fyndet som stöder påståendet.",
          "comment" : "Det rekommenderas att fynd ska kodas med en terminologi, där det är möjligt."
        },
        "at0004" : {
          "@type" : "ARCHETYPE_TERM",
          "code" : "at0004",
          "text" : "Beskrivning av fynd",
          "description" : "Berättande beskrivning av fynd."
        },
        "at0005" : {
          "@type" : "ARCHETYPE_TERM",
          "code" : "at0005",
          "text" : "Resultat",
          "description" : "Mätning eller värde associerat med fyndet.",
          "comment" : "Till exempel: Mantoux-testresultat."
        },
        "at0006" : {
          "@type" : "ARCHETYPE_TERM",
          "code" : "at0006",
          "text" : "Identifieringsdatum",
          "description" : "Datum då fyndet kliniskt identifierades.",
          "comment" : "Till exempel: Datumet då fynden gjordes av eller gjordes tillgänglig för läkaren."
        },
        "at0007" : {
          "@type" : "ARCHETYPE_TERM",
          "code" : "at0007",
          "text" : "Citat",
          "description" : "Detaljerad information tillgänglig om bevisen som finns i en annan del av hälsojournalen."
        },
        "at0018" : {
          "@type" : "ARCHETYPE_TERM",
          "code" : "at0018",
          "text" : "Multimedia representation",
          "description" : "Digital bild, video eller diagram som representerar kliniska bevis."
        },
        "at0022" : {
          "@type" : "ARCHETYPE_TERM",
          "code" : "at0022",
          "text" : "Metod",
          "description" : "Typ av undersökning eller utredning som används för att identifiera bevisen.",
          "comment" : "Överväg att koda 'Metod' med en terminologi, där det är möjligt. Till exempel: Fysisk undersökning, bröströntgen, resultat av histopatologi, koloskopi."
        },
        "at0023" : {
          "@type" : "ARCHETYPE_TERM",
          "code" : "at0023",
          "text" : "Kommentar",
          "description" : "Ytterligare beskrivning om fynden som inte redan inkluderats."
        },
        "at0024" : {
          "@type" : "ARCHETYPE_TERM",
          "code" : "at0024",
          "text" : "*Additional details (en)",
          "description" : "*Additional structured details about findings. (en)"
        },
        "at0003.1" : {
          "@type" : "ARCHETYPE_TERM",
          "code" : "at0003",
          "text" : "Fynd",
          "description" : "Identifiering av fyndet som stöder påståendet.",
          "comment" : "Det rekommenderas att fynd ska kodas med en terminologi, där det är möjligt."
        },
        "at0004.1" : {
          "@type" : "ARCHETYPE_TERM",
          "code" : "at0004",
          "text" : "Beskrivning av fynd",
          "description" : "Berättande beskrivning av fynd."
        },
        "at0005.1" : {
          "@type" : "ARCHETYPE_TERM",
          "code" : "at0005",
          "text" : "Resultat",
          "description" : "Mätning eller värde associerat med fyndet.",
          "comment" : "Till exempel: Mantoux-testresultat."
        },
        "at0006.1" : {
          "@type" : "ARCHETYPE_TERM",
          "code" : "at0006",
          "text" : "Identifieringsdatum",
          "description" : "Datum då fyndet kliniskt identifierades.",
          "comment" : "Till exempel: Datumet då fynden gjordes av eller gjordes tillgänglig för läkaren."
        },
        "at0000.1" : {
          "@type" : "ARCHETYPE_TERM",
          "code" : "at0000",
          "text" : "Kliniska bevis",
          "description" : "Detaljer om resultat som stöder ett kliniskt påstående."
        },
        "at0023.1" : {
          "@type" : "ARCHETYPE_TERM",
          "code" : "at0023",
          "text" : "Kommentar",
          "description" : "Ytterligare beskrivning om fynden som inte redan inkluderats."
        },
        "at0022.1" : {
          "@type" : "ARCHETYPE_TERM",
          "code" : "at0022",
          "text" : "Metod",
          "description" : "Typ av undersökning eller utredning som används för att identifiera bevisen.",
          "comment" : "Överväg att koda 'Metod' med en terminologi, där det är möjligt. Till exempel: Fysisk undersökning, bröströntgen, resultat av histopatologi, koloskopi."
        },
        "at0001.1" : {
          "@type" : "ARCHETYPE_TERM",
          "code" : "at0001",
          "text" : "Metodbeskrivning",
          "description" : "Berättande beskrivning av metoden / metoderna som används för att identifiera bevisen."
        }
      }
    },
    "termBindings" : { },
    "terminologyExtracts" : { },
    "valueSets" : { }
  },
  "adlVersion" : "1.4",
  "buildUid" : "103c6bb4-26af-3bc0-9ab3-c3113b60fc0f",
  "rmName" : "openehr",
  "rmRelease" : "1.1.0",
  "generated" : true,
  "templateId" : "Tumorstørrelse",
  "otherMetaData" : { },
  "templateOverlays" : [ ],
  "originalLanguage" : {
    "terminologyId" : {
      "value" : "ISO_639-1"
    },
    "codeString" : "en"
  },
  "translations" : [ {
    "@type" : "TRANSLATION_DETAILS",
    "language" : {
      "terminologyId" : {
        "value" : "ISO_639-1"
      },
      "codeString" : "de"
    },
    "author" : { },
    "otherDetails" : { }
  }, {
    "@type" : "TRANSLATION_DETAILS",
    "language" : {
      "terminologyId" : {
        "value" : "ISO_639-1"
      },
      "codeString" : "sv"
    },
    "author" : { },
    "otherDetails" : { }
  }, {
    "@type" : "TRANSLATION_DETAILS",
    "language" : {
      "terminologyId" : {
        "value" : "ISO_639-1"
      },
      "codeString" : "nb"
    },
    "author" : { },
    "otherDetails" : { }
  } ]
}